{"loup":-309.999,"uplo":-310.007,"exec_time_ms":2.32201,"point":[5,1.00001,5,1.00001e-09,5,10]}
